algorithm,graph,best_fitness_global,attempts,total_runtime_seconds,output
aco_ts,keller6.col,8.0,10,12277.144,results/experiments/aco_ts/keller6.json
aco_ts,cubic_2900.col,2231.0,10,2167.911,results/experiments/aco_ts/cubic_2900.json
aco_ts,p_hat1500-3.col,8.0,10,9411.519,results/experiments/aco_ts/p_hat1500-3.json
aco_ts,brock800_3.col,9.0,10,2970.7129999999997,results/experiments/aco_ts/brock800_3.json
aco_ts,p_hat1000-2.col,13.0,10,3216.958,results/experiments/aco_ts/p_hat1000-2.json
aco_ts,flat1000_50_0.col,14.0,10,2843.389,results/experiments/aco_ts/flat1000_50_0.json
aco_ts,brock800_4.col,9.0,10,4616.3730000000005,results/experiments/aco_ts/brock800_4.json
aco_ts,cubic_100.col,75.0,10,53.214,results/experiments/aco_ts/cubic_100.json
aco_ts,cubic_2800.col,2160.0,10,2749.4320000000002,results/experiments/aco_ts/cubic_2800.json
aco_ts,bcsstk24.col,296.0,10,6783.808,results/experiments/aco_ts/bcsstk24.json
aco_ts,bcsstk11.col,227.0,10,770.121,results/experiments/aco_ts/bcsstk11.json
aco_ts,bfw782b.col,391.0,10,415.337,results/experiments/aco_ts/bfw782b.json
aco_ts,bcsstk15.col,632.0,10,7484.639,results/experiments/aco_ts/bcsstk15.json
aco_ts,bcsstk23.col,956.0,10,3291.544,results/experiments/aco_ts/bcsstk23.json
aco_ts,bcspwr10.col,3878.0,10,3739.392,results/experiments/aco_ts/bcspwr10.json
aco_ts,flat300_28_0.col,11.0,10,460.86,results/experiments/aco_ts/flat300_28_0.json
aco_ts,cubic_2500.col,1923.0,10,1467.559,results/experiments/aco_ts/cubic_2500.json
aco_ts,bcsstk13.col,242.0,10,3731.885,results/experiments/aco_ts/bcsstk13.json
aco_ts,bcsstk26.col,468.0,10,1793.761,results/experiments/aco_ts/bcsstk26.json
aco_ts,nos1.col,183.0,10,57.371,results/experiments/aco_ts/nos1.json
aco_ts,cubic_3000.col,2311.0,10,2041.826,results/experiments/aco_ts/cubic_3000.json
aco_ts,lshp2233.col,1054.0,10,1694.462,results/experiments/aco_ts/lshp2233.json
aco_ts,cubic_2400.col,1848.0,10,1402.049,results/experiments/aco_ts/cubic_2400.json
aco_ts,cubic_2100.col,1614.0,10,1279.543,results/experiments/aco_ts/cubic_2100.json
aco_ts,cubic_2700.col,2080.0,10,1649.591,results/experiments/aco_ts/cubic_2700.json
aco_ts,queen11_11.col,16.0,10,76.905,results/experiments/aco_ts/queen11_11.json
aco_ts,bcsstk21.col,1750.0,10,4046.0570000000002,results/experiments/aco_ts/bcsstk21.json
aco_ts,plat1919.col,398.0,10,2317.068,results/experiments/aco_ts/plat1919.json
aco_ts,le450_15d.col,32.0,10,610.314,results/experiments/aco_ts/le450_15d.json
aco_ts,cubic_2300.col,1764.0,10,2400.253,results/experiments/aco_ts/cubic_2300.json
aco_ts,cubic_2000.col,1531.0,10,1210.628,results/experiments/aco_ts/cubic_2000.json
aco_ts,cubic_2200.col,1692.0,10,1391.208,results/experiments/aco_ts/cubic_2200.json
aco_ts,cubic_2600.col,2002.0,10,12048.221,results/experiments/aco_ts/cubic_2600.json
aco_ts,cubic_1900.col,1463.0,10,1723.03,results/experiments/aco_ts/cubic_1900.json
aco_ts,bcsstk20.col,270.0,10,82.43,results/experiments/aco_ts/bcsstk20.json
aco_ts,bcsstk09.col,236.0,10,849.845,results/experiments/aco_ts/bcsstk09.json
aco_ts,jagmesh4.col,706.0,10,882.438,results/experiments/aco_ts/jagmesh4.json
aco_ts,cubic_1100.col,844.0,10,440.999,results/experiments/aco_ts/cubic_1100.json
aco_ts,cubic_1800.col,1382.0,10,933.635,results/experiments/aco_ts/cubic_1800.json
aco_ts,lshp1561.col,734.0,10,908.773,results/experiments/aco_ts/lshp1561.json
aco_ts,cubic_1500.col,1150.0,10,737.635,results/experiments/aco_ts/cubic_1500.json
aco_ts,cubic_900.col,687.0,10,365.243,results/experiments/aco_ts/cubic_900.json
aco_ts,cubic_1700.col,1303.0,10,751.685,results/experiments/aco_ts/cubic_1700.json
aco_ts,cubic_200.col,151.0,10,48.282000000000004,results/experiments/aco_ts/cubic_200.json
aco_ts,dwt_869.col,322.0,10,302.752,results/experiments/aco_ts/dwt_869.json
aco_ts,cubic_1600.col,1229.0,10,788.493,results/experiments/aco_ts/cubic_1600.json
aco_ts,cubic_300.col,228.0,10,87.677,results/experiments/aco_ts/cubic_300.json
aco_ts,dwt_1005.col,415.0,10,544.018,results/experiments/aco_ts/dwt_1005.json
aco_ts,cubic_800.col,613.0,10,640.1,results/experiments/aco_ts/cubic_800.json
aco_ts,queen16_16.col,30.0,10,586.665,results/experiments/aco_ts/queen16_16.json
aco_ts,cubic_1400.col,1075.0,10,1343.001,results/experiments/aco_ts/cubic_1400.json
aco_ts,bcsstk19.col,350.0,10,773.317,results/experiments/aco_ts/bcsstk19.json
aco_ts,jagmesh8.col,568.0,10,530.469,results/experiments/aco_ts/jagmesh8.json
aco_ts,cubic_1000.col,765.0,10,442.569,results/experiments/aco_ts/cubic_1000.json
aco_ts,cubic_1300.col,997.0,10,566.015,results/experiments/aco_ts/cubic_1300.json
aco_ts,le450_5a.col,77.0,10,293.746,results/experiments/aco_ts/le450_5a.json
aco_ts,jagmesh2.col,481.0,10,397.436,results/experiments/aco_ts/jagmesh2.json
aco_ts,young2c.col,545.0,10,367.06,results/experiments/aco_ts/young2c.json
aco_ts,cubic_1200.col,918.0,10,494.391,results/experiments/aco_ts/cubic_1200.json
aco_ts,cubic_500.col,382.0,10,140.248,results/experiments/aco_ts/cubic_500.json
aco_ts,le450_5b.col,78.0,10,270.867,results/experiments/aco_ts/le450_5b.json
aco_ts,young3c.col,538.0,10,303.218,results/experiments/aco_ts/young3c.json
aco_ts,cubic_400.col,305.0,10,106.344,results/experiments/aco_ts/cubic_400.json
aco_ts,cubic_700.col,535.0,10,238.684,results/experiments/aco_ts/cubic_700.json
aco_ts,dwt_503.col,152.0,10,170.15800000000002,results/experiments/aco_ts/dwt_503.json
aco_ts,cubic_600.col,460.0,10,174.355,results/experiments/aco_ts/cubic_600.json
aco_ts,dwt_419.col,159.0,10,150.847,results/experiments/aco_ts/dwt_419.json
aco_ts,dwt_361.col,146.0,10,54.87,results/experiments/aco_ts/dwt_361.json
aco_ts,dwt_607.col,224.0,10,182.175,results/experiments/aco_ts/dwt_607.json
aco_ts,can_229.col,102.0,10,59.448,results/experiments/aco_ts/can_229.json
aco_ts,le450_25c.col,39.0,10,431.80199999999996,results/experiments/aco_ts/le450_25c.json
aco_ts,hamming10-4.col,10.0,10,8961.748,results/experiments/aco_ts/hamming10-4.json
aco_ts,bcspwr06.col,1184.0,10,1803.0149999999999,results/experiments/aco_ts/bcspwr06.json
aco_ts,dwt_346.col,166.0,10,645.47,results/experiments/aco_ts/dwt_346.json
aco_ts,dwt_878.col,306.0,10,437.23199999999997,results/experiments/aco_ts/dwt_878.json
aco_ts,p_hat500-2.col,10.0,10,1253.007,results/experiments/aco_ts/p_hat500-2.json
aco_ts,662_bus.col,521.0,10,216.144,results/experiments/aco_ts/662_bus.json
aco_ts,dwt_307.col,113.0,10,98.947,results/experiments/aco_ts/dwt_307.json
aco_ts,brock200_3.col,8.0,10,239.852,results/experiments/aco_ts/brock200_3.json
aco_ts,dwt_245.col,149.0,10,59.311,results/experiments/aco_ts/dwt_245.json
aco_ts,plat362.col,78.0,10,153.256,results/experiments/aco_ts/plat362.json
aco_ts,bcsstk06.col,126.0,10,186.407,results/experiments/aco_ts/bcsstk06.json
aco_ts,can_1054.col,223.0,10,905.768,results/experiments/aco_ts/can_1054.json
aco_ts,le450_25b.col,86.0,10,340.789,results/experiments/aco_ts/le450_25b.json
aco_ts,hamming8-4.col,10.0,10,289.68399999999997,results/experiments/aco_ts/hamming8-4.json
aco_ts,p_hat300-3.col,6.0,10,449.216,results/experiments/aco_ts/p_hat300-3.json
aco_ts,can_838.col,196.0,10,711.335,results/experiments/aco_ts/can_838.json
aco_ts,bcsstk22.col,98.0,10,20.627,results/experiments/aco_ts/bcsstk22.json
aco_ts,johnson16-2-4.col,8.0,10,43.071999999999996,results/experiments/aco_ts/johnson16-2-4.json
aco_ts,1138_bus.col,959.0,10,462.062,results/experiments/aco_ts/1138_bus.json
aco_ts,myciel7.col,16.0,10,39.129,results/experiments/aco_ts/myciel7.json
aco_ts,c-fat200-5.col,7.0,10,83.525,results/experiments/aco_ts/c-fat200-5.json
aco_ts,c-fat200-1.col,37.0,10,24.965,results/experiments/aco_ts/c-fat200-1.json
aco_ts,c-fat500-1.col,80.0,10,80.896,results/experiments/aco_ts/c-fat500-1.json
aco_ts,bcsstk03.col,60.0,10,10.169,results/experiments/aco_ts/bcsstk03.json
aco_ts,hamming8-2.col,4.0,10,194.109,results/experiments/aco_ts/hamming8-2.json
aco_ts,dwt_59.col,43.0,10,6.296,results/experiments/aco_ts/dwt_59.json
aco_ts,myciel6.col,12.0,10,21.077,results/experiments/aco_ts/myciel6.json
aco_ts,bcsstm27.col,78.0,10,336.076,results/experiments/aco_ts/bcsstm27.json
aco_ts,can_187.col,64.0,10,34.067,results/experiments/aco_ts/can_187.json
aco_ts,can_268.col,50.0,10,133.41899999999998,results/experiments/aco_ts/can_268.json
aco_ts,bcspwr03.col,89.0,10,21.242,results/experiments/aco_ts/bcspwr03.json
aco_ts,miles250.col,68.0,10,25.647,results/experiments/aco_ts/miles250.json
aco_ts,bcsstk04.col,19.0,10,47.379,results/experiments/aco_ts/bcsstk04.json
aco_ts,hamming6-4.col,10.0,10,21.454,results/experiments/aco_ts/hamming6-4.json
aco_ts,queen7_7.col,9.0,10,12.318,results/experiments/aco_ts/queen7_7.json
aco_ts,johnson8-4-4.col,6.0,10,19.482,results/experiments/aco_ts/johnson8-4-4.json
aco_ts,queen5_5.col,7.0,10,3.113,results/experiments/aco_ts/queen5_5.json
aco_ts,dwt_198.col,84.0,10,25.006,results/experiments/aco_ts/dwt_198.json
aco_ts,dwt_66.col,39.0,10,9.853,results/experiments/aco_ts/dwt_66.json
aco_ts,myciel3.col,7.0,10,1.358,results/experiments/aco_ts/myciel3.json
aco_ts,can_144.col,36.0,10,29.112000000000002,results/experiments/aco_ts/can_144.json
aco_ts,david.col,6.0,10,10.795,results/experiments/aco_ts/david.json
aco_ts,DSJC1000.1.col,61.0,10,2783.129,results/experiments/aco_ts/DSJC1000.1.json
aco_ts,DSJC1000.5.col,13.0,10,3376.537,results/experiments/aco_ts/DSJC1000.5.json
aco_ts,DSJC1000.9.col,5.0,10,5920.872,results/experiments/aco_ts/DSJC1000.9.json
aco_ts,DSJC125.5.col,9.0,10,56.428,results/experiments/aco_ts/DSJC125.5.json
aco_ts,DSJC500.5.col,12.0,10,686.891,results/experiments/aco_ts/DSJC500.5.json
aco_ts,DSJC500.9.col,5.0,10,1119.277,results/experiments/aco_ts/DSJC500.9.json
aco_ts,DSJR500.1.col,116.0,10,255.111,results/experiments/aco_ts/DSJR500.1.json
aco_ts,gen400_p0.9_55.col,5.0,10,722.889,results/experiments/aco_ts/gen400_p0.9_55.json
aco_ts,inithx.i.2.col,180.0,10,134.143,results/experiments/aco_ts/inithx.i.2.json
aco_ts,mulsol.i.3.col,26.0,10,42.909,results/experiments/aco_ts/mulsol.i.3.json
aco_ts,mulsol.i.5.col,26.0,10,40.212,results/experiments/aco_ts/mulsol.i.5.json
aco_ts,san200_0.7_1.col,6.0,10,226.285,results/experiments/aco_ts/san200_0.7_1.json
aco_ts,san200_0.7_2.col,7.0,10,105.93,results/experiments/aco_ts/san200_0.7_2.json
aco_ts,san400_0.5_1.col,8.0,10,302.274,results/experiments/aco_ts/san400_0.5_1.json
aco_ts,san400_0.7_1.col,6.0,10,714.201,results/experiments/aco_ts/san400_0.7_1.json
aco_ts,sanr200_0.7.col,7.0,10,105.179,results/experiments/aco_ts/sanr200_0.7.json
aco_ts,zeroin.i.1.col,176.0,10,40.963,results/experiments/aco_ts/zeroin.i.1.json
hho_rvns,keller6.col,6.0,10,9015.155999999999,results/experiments/hho_rvns/keller6.json
hho_rvns,cubic_2900.col,2277.0,10,9151.931,results/experiments/hho_rvns/cubic_2900.json
hho_rvns,p_hat1500-3.col,7.0,10,11412.446,results/experiments/hho_rvns/p_hat1500-3.json
hho_rvns,brock800_3.col,9.0,10,9459.983,results/experiments/hho_rvns/brock800_3.json
hho_rvns,p_hat1000-2.col,11.0,10,9769.761,results/experiments/hho_rvns/p_hat1000-2.json
hho_rvns,flat1000_50_0.col,12.0,10,9507.51,results/experiments/hho_rvns/flat1000_50_0.json
hho_rvns,brock800_4.col,9.0,10,10321.278,results/experiments/hho_rvns/brock800_4.json
hho_rvns,cubic_100.col,76.0,10,2379.447,results/experiments/hho_rvns/cubic_100.json
hho_rvns,cubic_2800.col,2196.0,10,9093.423,results/experiments/hho_rvns/cubic_2800.json
hho_rvns,bcsstk24.col,280.0,10,9621.422,results/experiments/hho_rvns/bcsstk24.json
hho_rvns,bcsstk11.col,226.0,10,9098.73,results/experiments/hho_rvns/bcsstk11.json
hho_rvns,bfw782b.col,395.0,10,6583.306,results/experiments/hho_rvns/bfw782b.json
hho_rvns,bcsstk15.col,607.0,10,9237.579,results/experiments/hho_rvns/bcsstk15.json
hho_rvns,bcsstk23.col,929.0,10,9156.819,results/experiments/hho_rvns/bcsstk23.json
hho_rvns,bcspwr10.col,3980.0,10,9116.92,results/experiments/hho_rvns/bcspwr10.json
hho_rvns,flat300_28_0.col,10.0,10,8500.631,results/experiments/hho_rvns/flat300_28_0.json
hho_rvns,cubic_2500.col,1958.0,10,9052.05,results/experiments/hho_rvns/cubic_2500.json
hho_rvns,bcsstk13.col,241.0,10,9269.032,results/experiments/hho_rvns/bcsstk13.json
hho_rvns,bcsstk26.col,474.0,10,9109.691,results/experiments/hho_rvns/bcsstk26.json
hho_rvns,nos1.col,183.0,10,1913.538,results/experiments/hho_rvns/nos1.json
hho_rvns,cubic_3000.col,2354.0,10,9079.343,results/experiments/hho_rvns/cubic_3000.json
hho_rvns,lshp2233.col,1062.0,10,9085.737000000001,results/experiments/hho_rvns/lshp2233.json
hho_rvns,cubic_2400.col,1881.0,10,9054.008,results/experiments/hho_rvns/cubic_2400.json
hho_rvns,cubic_2100.col,1645.0,10,9043.225,results/experiments/hho_rvns/cubic_2100.json
hho_rvns,cubic_2700.col,2111.0,10,9035.403,results/experiments/hho_rvns/cubic_2700.json
hho_rvns,queen11_11.col,15.0,10,1704.792,results/experiments/hho_rvns/queen11_11.json
hho_rvns,bcsstk21.col,1744.0,10,9185.839,results/experiments/hho_rvns/bcsstk21.json
hho_rvns,plat1919.col,405.0,10,9059.397,results/experiments/hho_rvns/plat1919.json
hho_rvns,le450_15d.col,29.0,10,9083.654,results/experiments/hho_rvns/le450_15d.json
hho_rvns,cubic_2300.col,1805.0,10,9024.979,results/experiments/hho_rvns/cubic_2300.json
hho_rvns,cubic_2000.col,1562.0,10,29512.332,results/experiments/hho_rvns/cubic_2000.json
hho_rvns,cubic_2200.col,1725.0,10,9152.224,results/experiments/hho_rvns/cubic_2200.json
hho_rvns,cubic_2600.col,2036.0,10,9040.765,results/experiments/hho_rvns/cubic_2600.json
hho_rvns,cubic_1900.col,1487.0,10,9070.425,results/experiments/hho_rvns/cubic_1900.json
hho_rvns,bcsstk20.col,269.0,10,4143.179,results/experiments/hho_rvns/bcsstk20.json
hho_rvns,bcsstk09.col,234.0,10,9193.868,results/experiments/hho_rvns/bcsstk09.json
hho_rvns,jagmesh4.col,718.0,10,9037.794,results/experiments/hho_rvns/jagmesh4.json
hho_rvns,cubic_1100.col,857.0,10,7078.963,results/experiments/hho_rvns/cubic_1100.json
hho_rvns,cubic_1800.col,1411.0,10,13756.041000000001,results/experiments/hho_rvns/cubic_1800.json
hho_rvns,lshp1561.col,751.0,10,20668.658,results/experiments/hho_rvns/lshp1561.json
hho_rvns,cubic_1500.col,1176.0,10,9098.663,results/experiments/hho_rvns/cubic_1500.json
hho_rvns,cubic_900.col,701.0,10,5685.068,results/experiments/hho_rvns/cubic_900.json
hho_rvns,cubic_1700.col,1330.0,10,9415.084,results/experiments/hho_rvns/cubic_1700.json
hho_rvns,cubic_200.col,153.0,10,3395.273,results/experiments/hho_rvns/cubic_200.json
hho_rvns,dwt_869.col,321.0,10,7383.1630000000005,results/experiments/hho_rvns/dwt_869.json
hho_rvns,cubic_1600.col,1253.0,10,7982.402,results/experiments/hho_rvns/cubic_1600.json
hho_rvns,cubic_300.col,231.0,10,1685.936,results/experiments/hho_rvns/cubic_300.json
hho_rvns,dwt_1005.col,420.0,10,8978.598,results/experiments/hho_rvns/dwt_1005.json
hho_rvns,cubic_800.col,623.0,10,3827.027,results/experiments/hho_rvns/cubic_800.json
hho_rvns,queen16_16.col,22.0,10,3161.936,results/experiments/hho_rvns/queen16_16.json
hho_rvns,cubic_1400.col,1091.0,10,6992.965999999999,results/experiments/hho_rvns/cubic_1400.json
hho_rvns,bcsstk19.col,357.0,10,7977.598,results/experiments/hho_rvns/bcsstk19.json
hho_rvns,jagmesh8.col,600.0,10,9075.604,results/experiments/hho_rvns/jagmesh8.json
hho_rvns,cubic_1000.col,780.0,10,6457.4490000000005,results/experiments/hho_rvns/cubic_1000.json
hho_rvns,cubic_1300.col,1014.0,10,6803.159,results/experiments/hho_rvns/cubic_1300.json
hho_rvns,le450_5a.col,75.0,10,7634.724,results/experiments/hho_rvns/le450_5a.json
hho_rvns,jagmesh2.col,486.0,10,9173.439,results/experiments/hho_rvns/jagmesh2.json
hho_rvns,young2c.col,540.0,10,4356.373,results/experiments/hho_rvns/young2c.json
hho_rvns,cubic_1200.col,937.0,10,5882.273,results/experiments/hho_rvns/cubic_1200.json
hho_rvns,cubic_500.col,388.0,10,2547.888,results/experiments/hho_rvns/cubic_500.json
hho_rvns,le450_5b.col,76.0,10,5808.231,results/experiments/hho_rvns/le450_5b.json
hho_rvns,young3c.col,537.0,10,3776.907,results/experiments/hho_rvns/young3c.json
hho_rvns,cubic_400.col,310.0,10,1897.41,results/experiments/hho_rvns/cubic_400.json
hho_rvns,cubic_700.col,543.0,10,3146.554,results/experiments/hho_rvns/cubic_700.json
hho_rvns,dwt_503.col,153.0,10,4604.377,results/experiments/hho_rvns/dwt_503.json
hho_rvns,cubic_600.col,467.0,10,4973.433,results/experiments/hho_rvns/cubic_600.json
hho_rvns,dwt_419.col,161.0,10,5644.469,results/experiments/hho_rvns/dwt_419.json
hho_rvns,dwt_361.col,146.0,10,3189.149,results/experiments/hho_rvns/dwt_361.json
hho_rvns,dwt_607.col,224.0,10,5861.708,results/experiments/hho_rvns/dwt_607.json
hho_rvns,can_229.col,103.0,10,1633.199,results/experiments/hho_rvns/can_229.json
hho_rvns,le450_25c.col,37.0,10,9115.387,results/experiments/hho_rvns/le450_25c.json
hho_rvns,hamming10-4.col,5.0,10,9363.119,results/experiments/hho_rvns/hamming10-4.json
hho_rvns,bcspwr06.col,1197.0,10,8934.198,results/experiments/hho_rvns/bcspwr06.json
hho_rvns,dwt_346.col,166.0,10,3119.803,results/experiments/hho_rvns/dwt_346.json
hho_rvns,dwt_878.col,305.0,10,2968.763,results/experiments/hho_rvns/dwt_878.json
hho_rvns,p_hat500-2.col,9.0,10,9204.457,results/experiments/hho_rvns/p_hat500-2.json
hho_rvns,662_bus.col,529.0,10,4704.798,results/experiments/hho_rvns/662_bus.json
hho_rvns,dwt_307.col,115.0,10,2515.409,results/experiments/hho_rvns/dwt_307.json
hho_rvns,brock200_3.col,7.0,10,4061.124,results/experiments/hho_rvns/brock200_3.json
hho_rvns,dwt_245.col,150.0,10,1682.046,results/experiments/hho_rvns/dwt_245.json
hho_rvns,plat362.col,79.0,10,3741.695,results/experiments/hho_rvns/plat362.json
hho_rvns,bcsstk06.col,126.0,10,4693.493,results/experiments/hho_rvns/bcsstk06.json
hho_rvns,can_1054.col,228.0,10,8957.211,results/experiments/hho_rvns/can_1054.json
hho_rvns,le450_25b.col,91.0,10,8363.155999999999,results/experiments/hho_rvns/le450_25b.json
hho_rvns,hamming8-4.col,6.0,10,1605.012,results/experiments/hho_rvns/hamming8-4.json
hho_rvns,p_hat300-3.col,6.0,10,7979.476,results/experiments/hho_rvns/p_hat300-3.json
hho_rvns,can_838.col,198.0,10,8215.19,results/experiments/hho_rvns/can_838.json
hho_rvns,bcsstk22.col,98.0,10,950.252,results/experiments/hho_rvns/bcsstk22.json
hho_rvns,johnson16-2-4.col,5.0,10,617.301,results/experiments/hho_rvns/johnson16-2-4.json
hho_rvns,1138_bus.col,963.0,10,8120.888,results/experiments/hho_rvns/1138_bus.json
hho_rvns,myciel7.col,13.0,10,2346.951,results/experiments/hho_rvns/myciel7.json
hho_rvns,c-fat200-5.col,7.0,10,1444.339,results/experiments/hho_rvns/c-fat200-5.json
hho_rvns,c-fat200-1.col,37.0,10,602.404,results/experiments/hho_rvns/c-fat200-1.json
hho_rvns,c-fat500-1.col,80.0,10,689.653,results/experiments/hho_rvns/c-fat500-1.json
hho_rvns,bcsstk03.col,60.0,10,453.136,results/experiments/hho_rvns/bcsstk03.json
hho_rvns,hamming8-2.col,4.0,10,2354.256,results/experiments/hho_rvns/hamming8-2.json
hho_rvns,dwt_59.col,43.0,10,519.135,results/experiments/hho_rvns/dwt_59.json
hho_rvns,myciel6.col,12.0,10,1266.221,results/experiments/hho_rvns/myciel6.json
hho_rvns,bcsstm27.col,78.0,10,5717.571,results/experiments/hho_rvns/bcsstm27.json
hho_rvns,can_187.col,64.0,10,429.85699999999997,results/experiments/hho_rvns/can_187.json
hho_rvns,can_268.col,52.0,10,3415.668,results/experiments/hho_rvns/can_268.json
hho_rvns,bcspwr03.col,89.0,10,839.2280000000001,results/experiments/hho_rvns/bcspwr03.json
hho_rvns,miles250.col,69.0,10,1063.827,results/experiments/hho_rvns/miles250.json
hho_rvns,bcsstk04.col,19.0,10,2147.796,results/experiments/hho_rvns/bcsstk04.json
hho_rvns,hamming6-4.col,10.0,10,865.641,results/experiments/hho_rvns/hamming6-4.json
hho_rvns,queen7_7.col,9.0,10,722.436,results/experiments/hho_rvns/queen7_7.json
hho_rvns,johnson8-4-4.col,5.0,10,456.187,results/experiments/hho_rvns/johnson8-4-4.json
hho_rvns,queen5_5.col,7.0,10,108.917,results/experiments/hho_rvns/queen5_5.json
hho_rvns,dwt_198.col,84.0,10,303.546,results/experiments/hho_rvns/dwt_198.json
hho_rvns,dwt_66.col,39.0,10,634.396,results/experiments/hho_rvns/dwt_66.json
hho_rvns,myciel3.col,7.0,10,121.00399999999999,results/experiments/hho_rvns/myciel3.json
hho_rvns,can_144.col,36.0,10,986.355,results/experiments/hho_rvns/can_144.json
hho_rvns,david.col,6.0,10,221.024,results/experiments/hho_rvns/david.json
hho_rvns,DSJC1000.1.col,58.0,10,9203.021,results/experiments/hho_rvns/DSJC1000.1.json
hho_rvns,DSJC1000.5.col,12.0,10,9538.669,results/experiments/hho_rvns/DSJC1000.5.json
hho_rvns,DSJC1000.9.col,5.0,10,10103.995,results/experiments/hho_rvns/DSJC1000.9.json
hho_rvns,DSJC125.5.col,8.0,10,2279.375,results/experiments/hho_rvns/DSJC125.5.json
hho_rvns,DSJC500.5.col,11.0,10,9162.59,results/experiments/hho_rvns/DSJC500.5.json
hho_rvns,DSJC500.9.col,5.0,10,9483.896,results/experiments/hho_rvns/DSJC500.9.json
hho_rvns,DSJR500.1.col,118.0,10,6716.895,results/experiments/hho_rvns/DSJR500.1.json
hho_rvns,gen400_p0.9_55.col,5.0,10,9490.737,results/experiments/hho_rvns/gen400_p0.9_55.json
hho_rvns,inithx.i.2.col,180.0,10,3077.946,results/experiments/hho_rvns/inithx.i.2.json
hho_rvns,mulsol.i.3.col,26.0,10,785.019,results/experiments/hho_rvns/mulsol.i.3.json
hho_rvns,mulsol.i.5.col,26.0,10,776.734,results/experiments/hho_rvns/mulsol.i.5.json
hho_rvns,san200_0.7_1.col,6.0,10,2108.794,results/experiments/hho_rvns/san200_0.7_1.json
hho_rvns,san200_0.7_2.col,7.0,10,2333.058,results/experiments/hho_rvns/san200_0.7_2.json
hho_rvns,san400_0.5_1.col,8.0,10,9004.567000000001,results/experiments/hho_rvns/san400_0.5_1.json
hho_rvns,san400_0.7_1.col,6.0,10,10295.94,results/experiments/hho_rvns/san400_0.7_1.json
hho_rvns,sanr200_0.7.col,7.0,10,8502.286,results/experiments/hho_rvns/sanr200_0.7.json
hho_rvns,zeroin.i.1.col,175.0,10,3185.54,results/experiments/hho_rvns/zeroin.i.1.json
